nest.ID,age,FirstFound.Date,LastPresent.Date,LastChecked.Date,fate,burned,Perim_Dist,CBA_30m,Prop_CBA_90m,Prop_CBA_188m,Prop_CBA_242m,Prop_CBA_439m,Prop_CBA_5km,Perim_Dist,CBA_439m,CBA_5km,nestspec,litdepth,hcov,vcov,hcov_10,vcov_10,mxheight,mxwidth,perwidth,percPG_10,percAG_10,percPF_10,percAF_10,percRC_10,percL_10,percBG_10,percRO_10,percBGRO_10,percShr_10,SageH_0,SageH_10,OShrH_0,OShrH_10,PgH_0,PgH_10,PfH_0,PfH_10,PfH_10.adj,RgH_0,RgH_10,TaSage_5,TaSage_10,AllDwSage_5,AllDwSage_10,UnkSage_5,UnkSage_10,ALLSage_5,ALLSage_10,NonSage_TreeLike_5,NonSage_TreeLike_10,NonSageShr_5,NonSageShr_10,ALLShrs_5,ALLShr_10,PJ_5,PJ_10,Tree_5,Tree_10,Dead_5,Dead_10,Rabbitbrush_5,Rabbitbrush_10,Bitterbrush_5,Bitterbrush_10
15-SV-14NV2880-U-N1,Yearling,4/8/2015,4/13/2015,4/18/2015,1,0,11079.92545,0,0,0,0,0,0,11079.93,0,0,HORSEBRUSH,2,56.67,32,59.88888889,32,105,180,155,11.16666667,5.166666667,5.166666667,2.5,11.16666667,32.16666667,2.5,56.33333333,58.83333333,48,37,30.25,105,34.5,13,19,9,4.25,4.25,16,17,0,0,9.47,12.47,0,0,9.47,12.47,0,0,13,6.5,22.47,18.97,0,0,0,0,3.13,1.57,0,0,0,0
15-SV-14NV2901-U-N1,Yearling,4/8/2015,4/17/2015,4/20/2015,1,0,2262.505689,0,0,0,0,0,0.289072897,2262.51,0,22785149.94,HORSEBRUSH,2,78.67,32,58.33333333,17.33333333,77,189,109,10.5,7.833333333,14.5,5.166666667,10.5,17.16666667,17,36.16666667,53.16666667,2.5,0,28.75,77,53.25,0,3.75,12,10.25,10.25,10,8,0,1.63,9.93,4.97,0,0,9.93,6.6,0,0,18.6,18.97,28.53,25.57,0,0,0,0,0.6,1.87,0,1.47,0,0
15-SV-14NV2913-U-N1,Yearling,4/23/2015,4/30/2015,4/30/2015,0,0,11212.3364,0,0,0,0,0,0,11212.34,0,0,BIG SAGEBRUSH,4,47.78,44,56.88888889,58,47,84,73,7.833333333,2.5,11.16666667,2.5,10.5,26.16666667,5.166666667,28,33.16666667,54.66666667,47,43,30,11.25,66,28.75,12,21,21,59,22,7.07,3.53,22.47,23.3,0,0,29.53,26.83,0,0,0,0,29.53,26.83,0,0,0,0,2.93,2.33,0,0,0,0
15-SV-14NV2921-U-N1,Yearling,4/27/2015,4/30/2015,5/3/2015,1,1,498.6816416,1,1,1,1,1,0.573198662,498.68,605450.88,45181753.41,BIG SAGEBRUSH,6,59.33,16,39.66666667,14,59,226,158,8.5,17,2.5,5.166666667,13.83333333,32.16666667,7.833333333,5.166666667,13,14.33333333,95,23.75,0,16.75,20,13.25,0,5.75,5.75,13,11.5,21.6,10.8,0,0,0,0,21.6,10.8,0,0,0,1.9,21.6,12.7,0,0,0,0,0,1.17,0,1.9,0,0
15-SV-14NV3589-U-N1,Yearling,5/9/2015,5/23/2015,5/23/2015,0,1,2646.918497,1,1,1,1,1,0.889439923,2646.92,605450.88,70185710.15,BITTERBRUSH,1,83.33,72,64.11111111,37.33333333,115,232,161,14.33333333,11.16666667,2.5,8.5,7.833333333,5.166666667,58,17.16666667,75.16666667,2.5,0,6.5,232,58,18,17.5,12,5.25,5.25,26,13.25,0,0,3.6,2.57,0,0,3.6,2.57,0,0,12.67,6.33,16.27,8.9,0,0,0,0,1.4,0.7,0,0,10.86666667,5.433333333
15-SV-14NV3600-U-N2,Yearling,4/23/2015,5/4/2015,5/7/2015,1,0,1700.360393,0,0,0,0,0,0.129055577,1700.36,0,10181934.61,RABBITBRUSH,2,76,100,59.11111111,50,77,151,140,2.5,19.66666667,2.5,2.5,10.5,13.83333333,46.33333333,46.33333333,92.66666666,5.166666667,0,0,77,57,27,17.25,0,8,8,16,19.5,0,4,0,0,0,0,0,4,0,0,23.8,14.07,23.8,18.07,0,0,0,0,5.07,2.53,23.8,14.07,0,0
15-SV-14NV3602-U-N1,Adult,4/20/2015,4/30/2015,4/30/2015,0,0,7191.668119,0,0,0,0,0,0.009759505,7191.67,0,769312.27,LOW SAGEBRUSH / LUPIN,3,63.33,48,41.44444444,28.66666667,50,153,118,2.5,7.833333333,30.16666667,2.5,5.166666667,11.16666667,32.83333333,31.33333333,64.16666666,11.16666667,50,38.25,57,14.25,31,12,13,17.25,17.25,10,6.25,0,0,17.27,23.47,0,0,17.27,23.47,0,0,5.87,7.4,23.13,30.87,0,0,0,0,3.8,1.9,0,0,0,0
15-SV-14NV3632-U-N1,Yearling,4/22/2015,5/7/2015,5/10/2015,1,0,372.8552092,0,0,0,0,0.008582897,0.347317866,372.86,5624.02,27398571.76,RABBITBRUSH,8,81.33,24,63.44444444,12,54,57,40,2.5,48.83333333,5.166666667,8.5,62.16666667,34.66666667,7.833333333,14.33333333,22.16666666,2.5,0,0,54,13.5,48,26.25,14,12,12,60,26.25,2.27,1.13,0,0,0,0,2.27,1.13,0,0,19.87,14.9,22.13,16.03,0,0,0,0,0,0.3,19.87,14.9,0,0
15-SV-14NV3637-U-N1,Adult,4/15/2015,4/25/2015,4/25/2015,1,0,13888.71297,0,0,0,0,0,0.001870921,13888.71,0,147093.46,BUNCHGRASS,3,57.33,0,48.88888889,0,50,90,52,13.83333333,23,5.166666667,7.833333333,10.5,11.16666667,2.5,34.66666667,37.16666667,2.5,0,0,0,0,50,32.25,18,12.75,12.75,27,19,0,0,0,0,0,0,0,0,0,0,0,0,0,0,0,0,0,0,0,0,0,0,0,0
15-SV-14SO444-U-N1,Adult,4/6/2015,4/6/2015,4/9/2015,1,0,36064.20112,0,0,0,0,0,0,25061.83,0,0,RABBITBRUSH,5,71.33,28,52.66666667,14,54,124,90,7.833333333,5.166666667,2.5,11.16666667,2.5,25.33333333,43,2.5,45.5,20.33333333,0,0,54,42.5,0,4,0,0.25,0.25,10,5,0,0,0,0,0,0,0,0,0,0,43.8,33.13,43.8,33.13,0,0,0,0,0,0,43.8,32.87,0,0
15-SV-14SO444-U-N2,Adult,4/28/2015,5/7/2015,5/10/2015,1,0,36308.6519,0,0,0,0,0,0,25488.16,0,0,BIG SAGEBRUSH,3,83.33,96,57.88888889,49.33333333,86,206,105,20.5,2.5,10.5,2.5,11.16666667,17,48,2.5,50.5,36.16666667,86,50.25,0,10,9,7.75,13,5,5,7,5.75,25.53,28.37,0,1.3,0,0,25.53,29.67,0,0,1.4,2.5,26.93,32.17,0,0,0,0,2.67,2.57,1.4,2.5,0,0
15-SV-14SO482-U-N1,Adult,4/23/2015,5/12/2015,5/14/2015,1,0,7928.804471,0,0,0,0,0,0.01963442,7928.8,0,1541950.3,BIG SAGEBRUSH,5,86.67,76,57,38,49,85,62,11.16666667,11.16666667,8.5,5.166666667,13.83333333,20.5,14.33333333,28.83333333,43.16666666,2.5,49,25.5,0,0,46,34.75,19,11.5,11.5,29,33.5,13.6,7.5,8.53,7.37,0,0,22.13,14.87,0,0,0,0,22.13,14.87,0,0,0,0,1.8,3.33,0,0,0,0
15-SV-14SO486-U-N1,Yearling,4/15/2015,4/18/2015,4/22/2015,1,0,14310.8018,0,0,0,0,0,0.001726669,14310.8,0,136382.65,BUNCHGRASS,4,33.33,20,38.77777778,13.33333333,51,56,13,5.166666667,14.33333333,2.5,2.5,25.33333333,7.833333333,8.5,62,70.5,8.5,0,18.75,0,21.5,48,39.25,0,6.5,6.5,33,29,1.2,0.6,0,5.77,0,0,1.2,6.37,0,0,0,0,1.2,6.37,0,0,0,0,0,0,0,0,0,0
15-SV-SVNoBand-U-N1,Adult,4/8/2015,4/8/2015,4/12/2015,1,0,2236.169845,0,0,0,0,0,0.29840857,2236.17,0,23560740.09,LOW SAGEBRUSH,3,95.33,92,73.55555556,46.66666667,74,114,108,8.5,5.166666667,5.166666667,2.5,11.16666667,11.16666667,7.833333333,58,65.83333333,2.5,74,31,0,0,24,25,5,9,9,12,15.75,0,0,21.67,21.5,0,0,21.67,21.5,0,0,9.33,5.93,31,27.43,0,0,0,0,5.8,2.9,7.73,4.7,0,0
16-SV-14NV2587-U-N1,Adult,4/17/2016,4/17/2016,4/20/2016,1,1,435.8722063,1,1,1,1,1,0.665053287,435.87,605450.88,52465391.36,RUBBER RABBITBRUSH,1,59.33,44,49.88888889,22,49,105,80,14.33333333,8.5,5.166666667,5.166666667,23,17,25.33333333,28.83333333,54.16666666,2.5,0,0,41,10.25,9,17.5,0,5.25,5.25,1,10.75,0,0,0,0,0,0,0,0,0,0,8.333333333,4.166666667,8.333333333,4.166666667,0,0,0,0,0,0,8.333333333,4.166666667,0,0
16-SV-14NV2670-U-N1,Yearling,4/16/2016,4/16/2016,4/20/2016,1,0,743.1519906,0,0,0,0,0,0.423578285,743.15,0,33478484.14,LOW SAGEBRUSH,2,93.33,92,65.66666667,46,66,107,95,2.5,26.33333333,2.5,2.5,17.16666667,8.5,34.5,8.5,43,2.5,66,27.75,0,10.25,20,20.75,0,5,5,12,7.25,4.866666667,4.333333333,7.866666667,7.666666667,0,0,12.73333333,12,0,0,0,0,12.73333333,12,0,0,0,0,0,4.1,0,0,0,0
16-SV-14NV2901-U-N1,Adult,4/15/2016,5/16/2016,5/16/2016,0,0,467.3500346,0,0,0,0,0,0.447658533,467.35,0,35302908.94,WYOMING BIG SAGEBRUSH,2,99.33,84,72.44444444,14,48,91,87,8.5,25.33333333,2.5,2.5,17.16666667,7.833333333,11.16666667,36.16666667,47.33333334,2.5,48,21.75,0,1,28,25.5,19,22.75,22.75,5,14,19.66666667,16.36666667,0,0,0,0,19.66666667,16.36666667,0,0,0,0,19.66666667,16.36666667,0,0,0,0,0,2.4,0,0,0,0
16-SV-14NV2921-U-N1,Adult,5/3/2016,5/18/2016,5/21/2016,1,1,641.6957317,1,0.955414013,0.948818239,0.925004688,0.977122897,0.642514017,641.7,605450.88,50592314.34,WYOMING BIG SAGEBRUSH,3,99.33,88,77.22222222,20.66666667,57,80,45,8.5,5.166666667,2.5,5.166666667,5.166666667,2.5,14.33333333,69.66666667,84,2.5,57,35.5,54,13.5,9,21.25,0,4,4,4,12,9.066666667,8.033333333,0,0,0,0,9.066666667,8.033333333,0,0,2.933333333,1.466666667,12,9.5,0,0,0,0,0,0,0,0,2.933333333,1.466666667
16-SV-14NV2973-U-N1,Adult,5/20/2016,5/29/2016,5/29/2016,0,1,838.0225831,1,0.955414013,0.948818239,0.96905253,1,0.706144154,838.02,605450.88,55612583.52,WYOMING BIG SAGEBRUSH,3,96.67,88,74.33333333,28.66666667,73,93,90,2.5,5.166666667,5.166666667,2.5,5.166666667,5.166666667,48,8.5,56.5,42,73,33.25,0,24.75,37,15.5,0,1.5,1.5,8,5.25,11.53333333,8.233333333,5.666666667,5.233333333,0,0,17.2,13.46666667,0,0,0,3.766666667,17.2,17.23333333,0,0,0,0,5.866666667,5.833333333,0,3.766666667,0,0
16-SV-14NV3516-U-N1,Adult,4/19/2016,4/22/2016,4/22/2016,0,0,17593.22491,0,0,0,0,0,0.00596451,17593.22,0,467220.7,LOW SAGEBRUSH,1,94,72,55.55555556,12,44,115,46,11.16666667,2.5,11.16666667,2.5,11.16666667,5.166666667,2.5,82.16666667,84.66666667,2.5,44,11,0,0,58,33.75,18,10.5,10.5,50,27,0,0,6.4,3.2,0,0,6.4,3.2,0,0,0.6,0.3,7,3.5,0,0,0,0,0,0,0,0,0,0
16-SV-14NV3518-U-N1,Adult,4/22/2016,4/26/2016,4/29/2016,1,1,1285.63185,1,0.636942675,1,1,1,0.507596817,1285.63,605450.88,40115328.08,BUNCHGRASS,2,82.67,60,62.55555556,10,51,55,43,14.5,17,2.5,2.5,22.66666667,2.5,5.166666667,60.5,65.66666667,2.5,0,0,0,0,51,24.5,17,15.25,15.25,15,20.75,0,0,0,0,0,0,0,0,0,0,0,0,0,0,0,0,0,0,0,0,0,0,0,0
16-SV-14NV3589-U-N1,Adult,5/19/2016,6/6/2016,6/6/2016,0,1,2873.761462,1,0.636942675,1,1,1,0.896240346,2873.76,605450.88,70776534.87,BITTERBRUSH,5,100,100,91,48.66666667,92,214,203,2.5,5.166666667,5.166666667,2.5,28.66666667,17.16666667,8.5,23,31.5,22.66666667,0,6.5,92,23,76,69.5,0,8,8,43,44.5,0,0,0,0.933333333,0,0,0,0.933333333,0,0,15.66666667,11.96666667,15.66666667,12.9,0,0,0,0,0,0,0,0,15.66666667,11.96666667
16-SV-14NV3600-U-N1,Adult,5/27/2016,6/11/2016,6/11/2016,0,0,1657.674648,0,0,0,0,0,0.156157237,1657.67,0,12289293.13,HORSEBRUSH,4,90,100,71.22222222,16.66666667,86,164,104,2.5,46.33333333,2.5,2.5,7.833333333,2.5,34.66666667,7.833333333,42.5,2.5,0,0,86,21.5,0,3.75,0,0,0,6,6,0,0,0,0,0,0,0,0,0,0,10.66666667,5.333333333,10.66666667,5.333333333,0,0,0,0,0.6,0.833333333,0,0,0,0
16-SV-14NV3632-U-N1,Adult,5/21/2016,6/8/2016,6/8/2016,0,0,2694.856914,0,0,0,0,0,0.191714193,2694.86,0,15123079.07,WYOMING BIG SAGEBRUSH,2,83.33,16,64.77777778,2.666666667,85,160,140,2.5,23,2.5,5.166666667,22.66666667,28,50.33333333,11.16666667,61.5,2.5,85,21.25,0,11,0,27.25,30,12.25,12.25,9,2.25,12.13333333,12.03333333,0,0,0,0,12.13333333,12.03333333,0,0,0,0,12.13333333,12.03333333,0,0,0,0,2.8,2.566666667,0,0,0,0
16-SV-14NV3756-U-N1,Adult,4/21/2016,4/28/2016,5/2/2016,1,0,8310.496621,0,0,0,0,0,0,8310.5,0,0,WYOMING BIG SAGEBRUSH,1,92.67,100,64,68,57,123,101,2.5,17,23,2.5,17,5.166666667,25.33333333,28.83333333,54.16666666,2.5,57,14.25,31,7.75,12,8,24,14.25,14.25,1,1.75,12.66666667,9.433333333,1.666666667,0.833333333,0,0,14.33333333,10.26666667,0,0,0,0,14.33333333,10.26666667,0,0,0,0,0,0,0,0,0,0
16-SV-14NV3763-U-N1,Yearling,5/5/2016,5/9/2016,5/9/2016,0,1,2449.432117,1,0.955414013,1,0.96905253,1,0.86878496,2449.43,605450.88,68519370.66,BITTERBRUSH,3,98.67,96,68.77777778,16.66666667,97,216,210,5.166666667,2.5,2.5,2.5,2.5,5.166666667,17,69.66666667,86.66666667,7.833333333,97,43.25,0,1,70,40.5,0,0,0,50,22,0,6,0,0,0,0,0,6,0,0,0,1.833333333,0,7.833333333,0,0,0,0,1.133333333,1.366666667,0,0,0,1.833333333
16-SV-14NV3784-U-N1,Adult,4/23/2016,5/23/2016,5/23/2016,0,0,35881.8181,0,0,0,0,0,0,25453.37,0,0,WYOMING BIG SAGEBRUSH,2,99.33,100,91.55555556,70,76,194,92,31.33333333,2.5,17,2.5,8.5,2.5,31.33333333,2.5,33.83333333,56.33333333,76,62.25,0,0,26,23.25,2,9,9,12,22.5,33.73333333,23.06666667,0,0,0,0,33.73333333,23.06666667,0,0,0,0,33.73333333,23.06666667,0,0,0,0,3.2,5.966666667,0,0,0,0
16-SV-14NV3858-U-N1,Adult,5/10/2016,5/25/2016,5/25/2016,0,0,9771.014062,0,0,0,0,0,0,9771.01,0,0,LOW SAGEBRUSH,1,85.33,92,51.44444444,15.33333333,45,79,69,5.166666667,7.833333333,2.5,7.833333333,34.5,2.5,38.83333333,26.33333333,65.16666666,2.5,45,11.25,0,0,15,9,23,12.5,12.5,9,4.5,0,0,36.8,22.56666667,0,0,36.8,22.56666667,0,0,1.533333333,0.766666667,38.33333333,23.33333333,0,0,0,0,0,0,0,0,0,0
16-SV-14NV3866-U-N1,Yearling,4/16/2016,4/16/2016,4/20/2016,1,1,2049.016757,0,0,0,0,0.079619187,0.535532189,2049.02,46307.19,42188885.19,SNOWBERRY,3,94,100,74.77777778,67.33333333,102,176,141,23,2.5,17,2.5,11.16666667,5.166666667,28.66666667,8.5,37.16666667,8.5,0,17.75,102,47.5,17,14.5,4,9,9,6,5,0,1.066666667,2.666666667,4,0,0,2.666666667,5.066666667,0,0,13.66666667,11.46666667,16.33333333,16.53333333,0,0,0,0,0,0.533333333,2,1.8,0,0
16-SV-14NV3870-U-N1,Yearling,4/28/2016,5/15/2016,5/15/2016,0,0,815.4248109,0,0,0,0,0,0.245583419,815.42,0,19390506.58,LOW SAGEBRUSH,1,72,100,62.66666667,16.66666667,53,74,72,8.5,5.166666667,2.5,2.5,23,2.5,20.33333333,54.66666667,75,19.66666667,53,39.25,19,17.5,19,17,23,14.25,14.25,2,3.5,0,0,16.33333333,11.13333333,0,0,16.33333333,11.13333333,0,0,0,0,16.33333333,11.13333333,0,0,0,0,0,0,0,0,0,0
16-SV-14NV4173-U-N1,Adult,4/23/2016,5/8/2016,5/8/2016,0,0,36983.49803,0,0,0,0,0,0,25935.8,0,0,BASIN BIG SAGE,3,99.33,100,89.11111111,40.66666667,73,149,117,7.833333333,19.66666667,2.5,8.5,30.16666667,2.5,44.66666667,2.5,47.16666667,22.66666667,149,82.25,51,31.25,19,23,0,4.25,4.25,31,20.75,26,20.26666667,0,0,0,0,26,20.26666667,0,0,2.133333333,7.066666667,28.13333333,27.33333333,0,0,0,0,11.86666667,7.033333333,2.133333333,7.066666667,0,0
16-SV-14NV4179-U-N1,Yearling,5/10/2016,5/25/2016,5/28/2016,1,1,3541.901255,0,0.088183208,0.144284637,0.256374354,0.208883066,0.508220167,3541.9,131571.55,40045033.38,GREEN RABBITBRUSH,3,100,100,84.77777778,68.66666667,64,195,127,8.5,5.166666667,26.16666667,2.5,53.83333333,2.5,2.5,8.5,11,42,0,0,64,57.75,31,28.75,19,23,23,36,22.75,0,0,0,0,0,0,0,0,0,2.5,24.4,20.1,24.4,20.1,0,0,0,0,0,2.066666667,22.33333333,11.16666667,2.066666667,1.033333333
16-SV-14SO443-U-N1,Adult,5/20/2016,6/11/2016,6/11/2016,0,0,30629.01793,0,0,0,0,0,0,21963.68,0,0,SILVER SAGEBRUSH,4,100,100,90.77777778,30.66666667,57,112,103,78,2.5,2.5,2.5,5.166666667,2.5,20.33333333,2.5,22.83333333,2.5,57,38.25,0,0,47,28.25,0,9.75,9.75,28,15.5,10.66666667,6.9,0,0,0,0,10.66666667,6.9,0,0,0,0,10.66666667,6.9,0,0,0,0,0,2,0,0,0,0
16-SV-14SO444-U-N1,Adult,5/22/2016,5/25/2016,5/25/2016,0,0,39065.99887,0,0,0,0,0,0,28105.06,0,0,BASIN BIG SAGE,2,99.33,92,77.66666667,20,62,182,105,26.33333333,2.5,2.5,7.833333333,7.833333333,2.5,85.5,2.5,88,5.166666667,62,61.25,0,0,18,23,38,19.75,19.75,4,11,30.2,30.33333333,0,0,0,0,30.2,30.33333333,0,0,3.6,1.8,33.8,32.13333333,0,0,0,0,4.733333333,3.433333333,0,0,0,0
16-SV-14SO484-U-N1,Adult,4/23/2016,5/5/2016,5/5/2016,0,0,3310.372318,0,0,0,0,0,0.06291812,3310.37,0,4995896.66,BITTERBRUSH,4,96.67,100,64.11111111,20,65,126,64,17,5.166666667,5.166666667,2.5,20.33333333,17,54.66666667,2.5,57.16666667,8.5,79,57.5,65,20.5,16,21.5,27,13,13,11,13.25,4.266666667,2.133333333,0,0,0,0,4.266666667,2.133333333,0,0,0,3.033333333,4.266666667,5.166666667,0,33.66666667,0,33.66666667,6.4,6.866666667,0,0,0,3.033333333
16-SV-14SO488-U-N1,Adult,4/23/2016,4/23/2016,4/29/2016,1,0,36316.32404,0,0,0,0,0,0,25771.18,0,0,SAGEBRUSH,2,97.33,24,89.66666667,55.33333333,59,122,77,7.833333333,2.5,2.5,5.166666667,2.5,2.5,60.5,2.5,63,50.33333333,122,74.25,0,19.5,18,14.25,0,0.25,0.25,50,26.5,31.2,30.16666667,0,0,0,0,31.2,30.16666667,0,0,4.666666667,2.333333333,35.86666667,32.5,0,0,0,0,0,0,4.666666667,2.333333333,0,0
16-SV-14SO488-U-N2,Adult,5/30/2016,6/5/2016,6/8/2016,1,0,36586.72829,0,0,0,0,0,0,25893.56,0,0,WYOMING BIG SAGEBRUSH,2,97.33,100,73.33333333,36.66666667,63,111,107,28,2.5,5.166666667,2.5,13.83333333,2.5,45.5,5.166666667,50.66666667,38,63,59.25,39,35.75,12,25.5,6,8.25,8.25,3,8.25,26.93333333,30.6,0,0,0,0,26.93333333,30.6,0,0,0.466666667,0.233333333,27.4,30.83333333,0,0,0,0,2.8,1.4,0.466666667,0.233333333,0,0
17-SV-14GS1185-U-N1,Adult,5/4/2017,5/13/2017,5/16/2017,1,1,1852.10453,1,0.955414013,1,1,1,0.809956242,1851.93,605450.88,63849316.52,ROCK AND PERENNIAL GRASS (SQUIRRELTAIL),1,80.66666667,60,56.55555556,20.33333333,53,55,45,14.25,12,9.083333333,2.5,21.79166667,10.29166667,4.666666667,51.25,55.91666667,2.5,0,0,0,0,53,26.53846154,28,12.15384615,12.15384615,55,19.23076923,0,0,0,0,0,0,0,0,0,0,0,0,0,0,0,0,0,0,0,0,0,0,0,0
17-SV-14GS1192-U-N1,Yearling,4/22/2017,5/21/2017,5/23/2017,1,1,2646.113668,1,0.955414013,1,0.96905253,1,0.850552503,2645.89,605450.88,67065168.39,MUSTARD,3,96,100,73.05555556,39.66666667,44,63,30,11.95833333,5.5,3.833333333,2.5,20.45833333,25.29166667,37.45833333,12.625,50.08333333,7.666666667,0,0,44,17.76923077,27,18.53846154,7,4.615384615,4.615384615,6,5.538461538,0,0,0,0,0,0,0,0,0,0,0,0,0,0,0,0,0,0,0,0,0,0,0,0
17-SV-14GS1197-U-N1,Yearling,4/30/2017,5/14/2017,5/14/2017,0,0,7062.706786,0,0,0,0,0,0.053873579,7062.16,0,4248652.74,BASIN BIG SAGE,3,95.33333333,84,94.55555556,71.66666667,75,125,103,48.58333333,6.166666667,2.5,9.708333333,20.58333333,19.625,10.29166667,12.125,22.41666667,53.91666667,75,34.64285714,0,61.57142857,40.5,41.21428571,0,0,0,3,17.92857143,16.6,15.4,0,0,0,0,16.6,15.4,0,0,22.95,26.125,39.55,41.525,0,0,0,0,0,0.825,0,0,22.95,26.125
17-SV-14NV2587-U-N1,Adult,4/20/2017,5/10/2017,5/10/2017,0,1,531.0429802,1,0.955414013,0.948818239,0.925004688,0.977122897,0.650433082,531.04,605450.88,51214929.49,BUNCHGRASS,5,59.33333333,20,48.22222222,10,43,119,50,8.5,11.16666667,2.5,5.166666667,5.166666667,7.833333333,14.5,53.83333333,68.33333333,2.5,0,0,0,0,31,28.5,0,3.25,3.25,35,13,0,0,0,0,0,0,0,0,0,0,0,0,0,0,0,0,0,0,0,0,0,0,0,0
17-SV-14NV2921-U-N1,Adult,5/23/2017,6/10/2017,6/10/2017,0,1,3991.9085,1,0.955414013,1,1,1,0.892024777,3991.8,605450.88,70409942.85,BASIN BIG SAGE,4,90.66666667,100,73.88888889,50,68,88,70,9.125,13.25,10.5,2.5,2.5,9.333333333,41.75,29.83333333,71.58333333,15.20833333,68,43.14285714,58,23.07142857,17.5,18.07142857,2,12.14285714,12.14285714,5.5,10.42857143,15.1,10.4,0,0,0,0,15.1,10.4,0,0,0,0,15.1,10.4,0,0,0,0,18.45,11.05,0,0,0,0
17-SV-14NV3589-U-N1,Adult,5/13/2017,6/5/2017,6/5/2017,0,1,2910.375145,1,1,1,1,1,0.898708256,2910.59,605450.88,70915956.57,LOW SAGEBRUSH,1,79.33333333,92,51.44444444,30.66666667,61,124,118,6.666666667,3.833333333,2.5,3.166666667,5.833333333,3.166666667,59.875,22.70833333,82.58333333,9.708333333,61,32.57142857,0,1.285714286,11.5,11.71428571,0,2.214285714,2.214285714,2,4.571428571,0,0,19.8,12.575,0,0,19.8,12.575,0,0,0,0,19.8,12.575,0,0,0,0,1.95,0.975,0,0,0,0
17-SV-14NV3756-U-N1,Adult,5/25/2017,5/28/2017,5/28/2017,0,0,9158.187612,0,0,0,0,0,0,9158.08,0,0,WYOMING BIG SAGEBRUSH,2,82,84,68.22222222,33.33333333,85,123,87,4,11.66666667,4.666666667,3.166666667,20.79166667,3.166666667,16.5,16.375,32.875,21.33333333,85,67.21428571,0,0,25,7.357142857,0,7.642857143,7.642857143,6,16.71428571,35.55,31.9,0,0,0,0,35.55,31.9,0,0,0,0,35.55,31.9,0,0,0,0,0,0,0,0,0,0
17-SV-14NV3770-U-N1,Adult,5/9/2017,5/14/2017,5/17/2017,1,0,32134.01483,0,0,0,0,0,0,22906.78,0,0,LOW SAGEBRUSH,3,86.66666667,72,66.72222222,35.33333333,38,71,70,16.875,2.5,2.5,2.5,4,3.166666667,55.29166667,2.5,57.79166667,33.08333333,38,33.64285714,0,5,20.5,18.42857143,0,0.357142857,0.357142857,0,0,0,0,26.25,22.95,0,0,26.25,22.95,0,0,0,0,26.25,22.95,0,0,0,0,0,0,0,0,0,0
17-SV-14NV3858-U-N1,Adult,5/1/2017,5/28/2017,5/28/2017,0,0,9704.135168,0,0,0,0,0,0,9704.77,0,0,JUNIPER,3,96.66666667,88,51.44444444,29.33333333,400,260,227,3.833333333,3.166666667,2.5,3.166666667,22.75,13.75,10.95833333,43.625,54.58333333,20.375,0,0,0,18.64285714,20.5,9.357142857,0,0,0,8,5.428571429,0,0,0,0,0,0,0,0,0,0,4.95,5.05,4.95,5.05,19.45,9.725,19.45,9.725,0,1.725,4.95,5.05,0,0
17-SV-14NV3866-U-N1,Adult,4/28/2017,5/12/2017,5/12/2017,0,0,59.35292121,0,0.036363456,0.296109165,0.274169358,0.394450722,0.422192577,59.46,230743.24,33283187.86,BASIN BIG SAGE,5,84.66666667,36,66.16666667,22,64,69,54,36.20833333,15.70833333,2.5,2.5,22.25,5.333333333,13.04166667,8.333333333,21.375,14.91666667,64,44.28571429,19.5,18.57142857,52,45.21428571,0,0,0,0.5,5.285714286,12.05,10.325,1.25,0.625,0,0,13.3,10.95,0,0,0,0,13.3,10.95,0,0,0,0,2.4,2.55,0,0,0,0
17-SV-14NV4171-U-N1,Adult,5/1/2017,5/4/2017,5/4/2017,0,1,5646.24723,0,0,0,0,0.125520078,0.846581668,5645.89,75051.37,66730422.86,RUBBER RABBITBRUSH,3,97.33333333,68,90.44444444,48.66666667,61,88,71,42.16666667,28.83333333,20.33333333,2.5,11.16666667,2.5,2.5,20.33333333,22.83333333,2.5,0,0,61,26.5,46,52,28,27.5,27.5,53,26.75,0,0,0,0,0,0,0,0,0,0,13.4,10.53333333,13.4,10.53333333,0,0,0,0,0,0,12.73333333,10.2,0,0
17-SV-14NV4240-U-N1,Yearling,4/9/2017,4/27/2017,4/28/2017,1,0,7872.272888,0,0,0,0,0,0.034203646,7871.89,0,2695783.18,BITTERBRUSH,1,70,16,59.88888889,21.33333333,78,110,77,44.66666667,2.5,2.5,11.16666667,7.833333333,8.5,30.16666667,5.166666667,35.33333334,42,0,37,18,65.25,54,43.75,0,0,0,17,11.5,2.333333333,9.433333333,0,0,0,0,2.333333333,9.433333333,0,0,12,7.7,14.33333333,17.13333333,0,0,0,0,7.533333333,8.5,0,0,12,7.7
17-SV-14SO484-U-N1,Adult,5/10/2017,6/4/2017,6/4/2017,0,0,3281.620682,0,0,0,0,0,0.064843448,3281.35,0,5125521.99,BITTERBRUSH,1,96,76,62.33333333,25.33333333,114,197,164,6.666666667,14.95833333,2.5,2.5,16.41666667,3.833333333,18.75,16.04166667,34.79166667,32.20833333,41,18.85714286,114,63.14285714,38,22.92857143,0,0.857142857,0.857142857,14,5,0,0,3.8,6.175,0,0,3.8,6.175,0,0,16.15,8.075,19.95,14.25,0,0,0,0,0,0.55,0,0,16.15,8.075
17-SV-BELLALUNA-U-N1,Yearling,4/14/2017,5/5/2017,5/8/2017,1,0,6613.27365,0,0,0,0,0,0.040737645,6613.35,0,3215933.28,BITTERBRUSH,2,84.66666667,92,57.11111111,46,92,272,191,8.5,2.5,5.166666667,8.5,17.16666667,7.833333333,8.5,46.33333333,54.83333333,8.5,0,6.75,92,31,73,29.75,0,0,0,4,8.25,0,0,3.4,3.933333333,0,0,3.4,3.933333333,0,0,16.06666667,8.033333333,19.46666667,11.96666667,0,0,0,0,1.466666667,2.3,0,0,16.06666667,8.033333333
17-SV-BILLIEJEAN-U-N1,Adult,4/22/2017,5/3/2017,5/6/2017,1,1,1427.767687,1,1,0.948818239,1,1,0.767227629,1427.71,605450.88,60543592.7,BITTERBRUSH,2,78,88,57.11111111,44,75,118,59,10.5,2.5,5.166666667,2.5,5.166666667,5.166666667,19.66666667,53.83333333,73.5,2.5,24,21,75,22.5,23,11,0,10,10,5,4.5,0,0,10.66666667,13.36666667,0,0,10.66666667,13.36666667,0,0,13.06666667,8.933333333,23.73333333,22.3,0,0,0,0,0,0,0,0,13.06666667,8.933333333
17-SV-BRANDI-U-N1,Yearling,4/17/2017,4/17/2017,4/20/2017,1,0,3902.367972,0,0,0,0,0,0.029697558,3901.9,0,2384395.9,BITTERBRUSH,2,64,24,56.66666667,13.33333333,100,223,158,8.5,2.5,2.5,5.166666667,14.33333333,7.833333333,11.16666667,50.33333333,61.5,22.66666667,54,32.25,100,28.5,19,17.5,0,0,0,3,15.25,0,0,9.8,9.5,0,0,9.8,9.5,0,0,14.4,7.2,24.2,16.7,20.6,12.1,20.6,12.1,1,2.866666667,0,0,14.4,7.2
17-SV-BRANDI-U-N2,Yearling,5/4/2017,5/26/2017,5/29/2017,1,0,4252.644409,0,0,0,0,0,0.016412045,4252.24,0,1300203.55,BITTERBRUSH,2,91.33333333,12,72.94444444,18.33333333,134,220,162,6.833333333,4.5,3.166666667,3.166666667,12.79166667,17.83333333,9.791666667,26.41666667,36.20833334,39.66666667,59,50.07142857,134,64.28571429,47,22.92857143,14,4.785714286,4.785714286,6.5,13.42857143,5,3.5,33.4,30.825,0,0,38.4,34.325,0,0,9.7,9.35,48.1,43.675,0,0,0,0,0.7,1.125,0,0,9.7,9.15
17-SV-MAGGIEMAY-U-N1,Yearling,4/23/2017,5/11/2017,5/11/2017,0,0,39695.36152,0,0,0,0,0,0,29633.27,0,0,BASIN BIG SAGE,1,94,72,77.11111111,31.66666667,93,198,120,6.666666667,12.70833333,3.166666667,12.625,5.166666667,25.25,5.333333333,2.5,7.833333333,50.83333333,93,65.42857143,57,40.71428571,15,12.57142857,0,3.428571429,3.428571429,0,3,51.4,47.725,0,0,0,0,51.4,47.725,0,0,7.75,5.775,59.15,53.5,0,0,0,0,2.25,4.45,7.75,5.775,0,0
17-SV-TESSABOOTS-U-N1,Yearling,4/22/2017,4/22/2017,4/26/2017,1,1,3390.7986,1,0.955414013,1,0.96905253,1,0.879725862,3390.96,605450.88,69339402.83,CHEAT GRASS/DEAD CHEAT GRASS AND MUSTARD,2,67.33333333,12,59.55555556,6.666666667,24,24,18,8.5,17.16666667,2.5,2.5,48,5.166666667,2.5,46.33333333,48.83333333,2.5,0,0,0,0,0,23.75,0,2.5,2.5,15,12.25,0,0,0,0,0,0,0,0,0,0,4.666666667,2.333333333,4.666666667,2.333333333,0,0,0,0,0,0,0,0,0,0
18-SV-14GS1078-U-N1,Yearling,4/25/2018,5/10/2018,5/13/2018,1,0,2096.947469,0,0,0,0,0,0.278909323,2096.947469,0,21995620.95,WYOMING BIG SAGEBRUSH,2,93.33333333,96,69.05555556,36.66666667,88,212,132,9.083333333,22.29166667,5.458333333,4.666666667,10.33333333,3.833333333,3.166666667,47.375,50.54166667,11.33333333,88,54.07142857,0,26.78571429,73,53.28571429,6.5,9.428571429,10.34021973,12,27.85714286,18,11.9,0,0,0,0,18,11.9,0,0,0.5,0.25,18.5,12.15,0,0,0,0,11.2,6.125,0.5,0.25,0,0
18-SV-14GS1183-U-N1,Adult,5/5/2018,5/14/2018,5/17/2018,1,0,9233.73539,0,0,0,0,0,0,9233.73539,0,0,BITTERBRUSH,4,89.33333333,100,63.88888889,39,85,116,101,12.16666667,3.166666667,2.5,2.5,8.833333333,3.833333333,12.58333333,46.66666667,59.25,15.70833333,39,26.71428571,85,36.92857143,17.5,17.14285714,0,4.5,2.676703396,9.5,13.85714286,0,0,13.2,11.9,0,0,13.2,11.9,0,0,10.3,6.025,23.5,17.925,0,0,0,0,0,0,0,0,9.75,4.875
18-SV-14GS1192-U-N1,Adult,4/24/2018,4/24/2018,4/27/2018,1,1,2133.370063,1,0.955414013,1,1,1,0.853210284,2133.370063,631800,67326711.14,EPHEDRA ,2,70,68,50.55555556,23,53,116,99,12.70833333,11.08333333,2.5,2.5,15.58333333,6.666666667,19.58333333,37.58333333,57.16666666,4,0,3.785714286,53,18.92857143,17.5,20.14285714,0,2.214285714,2.214285714,26.5,20.42857143,0,0,1.2,0.6,0,0,1.2,0.6,0,0,5.6,2.8,6.8,3.4,0,0,0,0,0,0.525,0,0,0,0
18-SV-14GS1193-U-N1,Adult,5/10/2018,5/10/2018,5/13/2018,1,0,2310.460128,0,0,0,0,0,0.256799948,2310.460128,0,20215208.03,WYOMING BIG SAGEBRUSH,2,78.66666667,60,62,24.66666667,51,152,101,6.833333333,3.833333333,6.833333333,2.5,13.20833333,10,6.166666667,69.66666667,75.83333334,16.95833333,51,31.35714286,0,5.928571429,48,36.42857143,42,24.5,25.4116483,8,19.21428571,12.8,6.4,4.6,17.1,0,0,17.4,23.5,0,0,0,0,17.4,23.5,0,0,0,0,4.9,2.45,0,0,0,0
18-SV-14GS1197-U-N1,Adult,4/16/2018,4/23/2018,4/27/2018,1,0,6971.154729,0,0,0,0,0,0.053873579,6971.154729,0,4248652.744,DESERT GOOSEBERRY,4,98,100,73.61111111,49.66666667,132,150,138,6.833333333,8.458333333,2.5,3.166666667,22.125,5.333333333,2.5,49.375,51.875,23.54166667,0,3.428571429,132,77.57142857,54,39.07142857,0,0,0.911648302,43,28.35714286,0,0,1.55,0.775,0,0,1.55,0.775,0,0,29.4,23.725,30.95,24.5,0,0,0,0,0,0,0,0,0,0
18-SV-14GS2024-U-N1,Yearling,5/18/2018,6/9/2018,6/9/2018,0,1,1870.523652,0,0,0,0,0,0.50710061,1870.523652,0,40021854.12,WYOMING BIG SAGEBRUSH,2,97.33333333,100,85.27777778,50.66666667,73,62,65,24.79166667,22.16666667,15.625,2.5,31.75,9.833333333,3.166666667,4,7.166666667,14.95833333,73,48.85714286,0,7.928571429,71,53.14285714,21,26.64285714,23.90791223,56.5,23.92857143,13,7.6,0,0,0,0,13,7.6,0,0,6.3,7.75,19.3,15.35,0,0,0,0,0,0,0,0,0,0
18-SV-14GS2156-U-N1,Yearling,5/6/2018,5/21/2018,5/21/2018,0,1,3816.448335,0,0.296329691,0.468926685,0.449210702,0.6296034,0.680537601,3816.448335,363024.4452,53610501.66,LOW SAGEBRUSH,3,77.33333333,32,61.38888889,15.66666667,69,94,74,6.5,3.166666667,14.08333333,2.5,4.666666667,11.83333333,8,40.45833333,48.45833333,11.58333333,69,40,0,9.5,22.5,21.42857143,16.5,20.64285714,22.46615374,28.5,16.21428571,0,0,32.25,22.5,0,0,32.25,22.5,0,0,1.75,2.05,34,24.55,0,0,0,0,0,0,0,0,0,0
18-SV-14GS2159-U-N1,Adult,5/2/2018,5/2/2018,5/12/2018,1,1,4472.241372,1,0.955414013,1,1,1,0.890948535,4472.241372,639900,70254261.03,PERENNIAL GRASS,3,100,36,75.38888889,12,56,51,41,4.666666667,15.875,2.5,3.166666667,9.791666667,5.833333333,3.166666667,63.375,66.54166667,2.5,0,1.5,0,4.928571429,56,48.35714286,0,7.214285714,5.846813261,52,28.78571429,0,0,0,0.525,0,0,0,0.525,0,0,0,0,0,0.525,0,0,0,0,0,0,0,0,0,0
18-SV-14GS2160-U-N1,Adult,4/26/2018,5/19/2018,5/19/2018,0,0,3966.266606,0,0,0,0,0,0.025448277,3966.266606,0,1999209.359,JUNIPER,2,97.33333333,100,65.88888889,37.33333333,400,398,378,3.166666667,3.833333333,3.166666667,8.166666667,8.166666667,31.45833333,9.791666667,24.95833333,34.75,18.5,0,4.928571429,0,22.35714286,5.5,7.642857143,0,5,4.088351698,13.5,10.35714286,0,0,0,4.85,0,0,0,4.85,0,0,12.7,14.1,12.7,18.95,32.5,16.25,32.5,16.25,2.3,1.15,0,0,0,0
18-SV-14GS2165-U-N1,Adult,4/24/2018,5/10/2018,5/10/2018,0,0,21885.97006,0,0,0,0,0,0.047516991,21885.97006,0,3746468.64,WYOMING BIG SAGEBRUSH,3,88,36,71.66666667,30,85,179,95,16.5,15.45833333,2.5,3.166666667,13.58333333,15.33333333,39.375,6.125,45.5,29.875,85,68.07142857,71,50.78571429,38,26.35714286,0,1.142857143,2.054505445,9,20.64285714,41.2,39.15,0,0,0,0,41.2,39.15,0,0,11.25,9.7,52.45,48.85,0,0,0,0,1.8,5.4,2.1,1.05,4.3,2.15
18-SV-14GS2168-U-N1,Yearling,4/9/2018,4/18/2018,4/19/2018,1,0,15623.43309,0,0,0,0,0,0,15623.43309,0,0,WYOMING BIG SAGEBRUSH,3,96.66666667,100,63,34,112,178,173,6.666666667,13.25,3.833333333,3.166666667,17.70833333,13.83333333,22.54166667,20,42.54166667,16.33333333,112,49.64285714,0,3.142857143,4.5,21.07142857,0,3.785714286,0,28.5,11.07142857,15.3,7.65,0,0,0,0,15.3,7.65,0,0,2.2,1.4,17.5,9.05,0,0,0,0,0,0,0,0,0,0
18-SV-14GS2168-U-N2,Yearling,5/7/2018,5/17/2018,5/18/2018,1,0,15868.43018,0,0,0,0,0,0,15868.43018,0,0,EPHEDRA AND GRAY HORSEBRUSH,1,75.33333333,60,65.11111111,21.33333333,107,126,95,6.666666667,2.5,6.958333333,2.5,36.95833333,21.95833333,3.833333333,8.666666667,12.5,14.16666667,0,0,107,71.14285714,12,39.78571429,30,26.71428571,24.43516496,30,28.92857143,0,0,0,0,0,0,0,0,0,0,15.95,10.1,15.95,10.1,0,0,0,0,0,0,0,0,0,0
18-SV-14GS2177-U-N1,Yearling,4/11/2018,4/26/2018,4/30/2018,1,0,280.0612727,0,0,0,0.009463986,0.091754314,0.292822524,280.0612727,51627.86835,23081825.16,LOW SAGEBRUSH,1,88,56,54.88888889,19.33333333,48,84,63,5.166666667,6.833333333,4.5,3.166666667,9.5,3.166666667,37.91666667,23.70833333,61.625,18.625,48,31.64285714,0,4.857142857,23,16.64285714,16,12.5,10.22087925,5,5.071428571,0,0,36.6,29.55,0,0,36.6,29.55,0,0,3.3,2.975,39.9,32.525,0,0,0,0,0,0,0,0,0,0
18-SV-14GS2187-U-N1,Yearling,5/1/2018,5/16/2018,5/16/2018,0,1,7205.417906,1,0.636942675,1,1,1,0.644494833,7205.417906,631800,50753088.02,BITTERBRUSH,1,86.66666667,84,51.27777778,28,45,107,62,10.45833333,3.833333333,4,3.833333333,15.625,8.875,9.916666667,56.5,66.41666667,6.791666667,0,2.214285714,45,31.07142857,52.5,29.64285714,9.5,6.214285714,8.037582318,37.5,14.78571429,0,0,3.1,2.125,0,0,3.1,2.125,0,0,10.95,6.975,14.05,9.1,0,0,0,0,0.85,3.05,0,0,7.45,3.725
18-SV-14GS2192-U-N1,Yearling,5/9/2018,5/28/2018,5/28/2018,0,0,7206.010103,0,0,0,0,0,0.053873579,7206.010103,0,4248652.744,ANTELOPE BITTERBRUSH,4,77.33333333,88,63.27777778,32.33333333,150,253,232,16.16666667,9.625,2.5,2.5,34.66666667,12.75,8.458333333,25.54166667,34,24,0,14.5,150,85.21428571,65,41.28571429,0,0,0.455824151,13,17,0,0,7.15,6.8,0,0,7.15,6.8,0,0,35.3,23.875,42.45,30.675,0,0,0,0,0,1.525,0,0,13.9,6.95
18-SV-14GS2196-U-N1,Yearling,4/30/2018,5/22/2018,5/22/2018,0,0,37939.81373,0,0,0,0,0,0,30229.29285,0,0,WYOMING BIG SAGEBRUSH,2,80.66666667,100,68.66666667,47,85,195,78,5.333333333,27.04166667,4.5,3.166666667,8.833333333,28.125,4.666666667,30.125,34.79166667,35.08333333,85,57.78571429,0,10.92857143,17,14.5,38,16.28571429,16.74153844,7,15.64285714,23.65,20.05,0,0,0,0,23.65,20.05,0,0,0,4.275,23.65,24.325,0,0,0,0,0,5.325,0,0,0,0
18-SV-14GS2197-U-N1,Yearling,4/13/2018,5/3/2018,5/6/2018,1,0,37289.63042,0,0,0,0,0,0,30902.55953,0,0,WYOMING BIG SAGEBRUSH,3,88.66666667,88,63.72222222,33.33333333,57,73,71,15.58333333,3.833333333,6.166666667,2.5,5.166666667,14.25,43.125,14.625,57.75,22.16666667,57,46.5,0,0.5,28,23.28571429,25,13.78571429,13.78571429,38,17.14285714,36.65,25.9,0,0,0,0,36.65,25.9,0,0,0,0,36.65,25.9,0,0,0,0,0,1.85,0,0,0,0
18-SV-14NV4171-U-N1,Adult,5/1/2018,5/7/2018,5/7/2018,0,1,5822.112552,0,0,0.254979239,0.281652155,0.347367918,0.838998518,5822.112552,220605.1603,66198663.27,PERENNIAL GRASS,2,88.66666667,92,71.22222222,36,112,94,52,26.125,8,12.125,3.166666667,36.95833333,6.666666667,3.166666667,14.75,17.91666667,2.5,0,0,0,0,27,28.92857143,31,25.28571429,31.21142825,52,28.07142857,0,0,0,0,0,0,0,0,0,0,0,0,0,0,0,0,0,0,0,0,0,0,0,0
18-SV-17SVNB100-U-N1,Adult,5/5/2018,5/24/2018,5/24/2018,0,0,3560.309736,0,0,0,0,0,0.060346892,3560.309736,0,5411848.842,LOW SAGEBRUSH,2,96.66666667,68,68.77777778,27,63,112,67,7.625,25.875,2.5,3.833333333,21.45833333,12.83333333,23.79166667,2.5,26.29166667,26.75,63,47.42857143,67.5,36.78571429,40.5,23.14285714,0,7.071428571,7.527252722,16.5,9,0,0,10.65,12.475,0,0,10.65,12.475,0,0,11.2,6.275,21.85,18.75,0,0,0,0,3.1,3.475,0,0,0,0
18-SV-Murron-U-N1,Adult,4/25/2018,4/28/2018,5/1/2018,1,0,19234.53175,0,0,0,0,0,0.038499415,19234.53175,0,3086574.136,LOW SAGEBRUSH,2,77.33333333,56,42.11111111,19.33333333,33,81,72,13.95833333,2.5,3.166666667,4.5,9.333333333,5.833333333,20.70833333,63.625,84.33333333,5.333333333,33,27.21428571,0,6.571428571,32,17.71428571,0,2.714285714,0.435164959,2,9,0,0,20.9,12.85,0,0,20.9,12.85,0,0,0,0,20.9,12.85,0,0,0,0,1.25,3.25,0,0,0,0
